parameter,value
level,0.006053456445052532
trend,0.005355964525374135
error,0.005386901976779949
shape1,7.892068093573101
shape2,0.9019599463042258
